iter	MultiClass	Accuracy
0	4.703022456	0.1764600847
1	4.551077665	0.1763201328
2	4.437909549	0.1762766995
3	4.344860256	0.176783422
