iter	RMSE
0	39.56196855
1	39.54614123
2	39.53202072
3	39.51762218
4	39.50464652
5	39.49132008
6	39.47980734
7	39.46781801
8	39.45637343
9	39.44636849
10	39.43695248
11	39.42613906
12	39.41636559
13	39.40700076
14	39.39795029
15	39.39002659
16	39.38126556
17	39.37201603
18	39.36465491
19	39.35799666
